https://qrco.de/bg2RmJ,2025-05-29 21:51:38
USN001,2025-05-29 21:52:03
USN001,2025-05-29 21:54:49
USN001,2025-05-29 22:04:00
USN001,2025-05-29 22:15:33
USN001,2025-05-29 22:18:31
USN001,2025-05-29 22:20:01
USN001,2025-05-29 22:52:10
USN001,2025-05-29 23:07:59
USN001,2025-05-29 23:09:02
USN001,2025-05-29 23:10:57
USN003,2025-05-29 23:23:01
USN003,2025-05-29 23:23:31
USN003,2025-05-29 23:25:02
USN003,2025-05-29 23:31:38
USN003,2025-05-29 23:34:25
USN003,2025-05-29 23:35:37
USN003,2025-05-29 23:38:06
USN003,2025-05-29 23:45:54
USN003,2025-05-30 00:00:14
https://qrco.de/bg2RmJ,2025-05-30 00:22:30
USN001,2025-05-30 00:22:39
USN001,2025-05-30 00:26:39
USN001,2025-05-30 00:29:39
USN001,2025-05-30 00:30:32
USN001,2025-05-30 00:31:28
USN001,2025-05-30 00:35:03
USN003,2025-05-30 00:36:38
USN001,2025-05-30 00:38:27
USN001,2025-05-30 00:38:53
USN001,2025-05-30 00:40:24
USN001,2025-05-30 00:40:58
USN001,2025-05-30 00:41:46
USN003,2025-05-30 00:42:29
https://qrco.de/bg2RmJ,2025-05-30 00:49:35
USN001,2025-05-30 00:50:02
USN003,2025-05-30 00:50:35
USN003,2025-05-30 00:53:52
USN002,2025-05-30 09:17:44
USN002,2025-05-30 09:18:14
USN002,2025-05-30,09:26:55,
USN002,2025-05-30,09:26:55,09:27:35
USN003,2025-05-30,09:28:20,
USN003,2025-05-30,09:28:20,09:28:30
USN004,2025-05-30,09:37:23,
USN004,2025-05-30,09:37:23,09:37:52
USN003,2025-05-30,09:39:23,
USN002,2025-05-30,09:40:55,
USN002,2025-05-30,09:41:21,
USN005,2025-05-30,10:08:38,
USN005,2025-05-30,10:08:38,10:09:34
USN005,2025-05-30,10:11:14,
USN006,2025-05-30,10:25:56,
USN001,2025-05-30,10:29:23,
USN001,2025-05-30,10:29:23,10:29:41
USN002,2025-05-30,11:09:27,
USN007,2025-05-30,11:22:30,
USN007,2025-05-30,11:22:31,
USN007,2025-05-30,11:22:30,11:22:30
USN001,2025-05-31,10:07:33,
USN001,2025-05-31,10:07:33,10:07:45
USN006,2025-05-31,10:58:19,
USN008,2025-05-31,11:02:18,
USN001,2025-05-31,11:03:33,
USN008,2025-05-31,11:02:18,11:16:26
USN007,2025-05-31,11:18:08,
USN009,2025-05-31,11:35:14,
USN009,2025-05-31,11:35:14,11:35:32
USN010,2025-05-31,11:45:12,
USN010,2025-05-31,11:45:12,11:45:34
USN008,2025-06-08,12:27:44,
USN008,2025-06-08,12:27:44,12:27:44
USN008,2025-06-08,12:27:57,
USN008,2025-06-08,12:27:57,
USN011,2025-06-07,23:05:08,
USN011,2025-06-07,23:05:07,
USN011,2025-06-07,23:05:07,
USN011,2025-06-07,23:05:07,23:05:07
USN011,2025-06-07,23:07:12,
USN011,2025-06-07,23:07:12,
USN011,2025-06-07,23:07:13,
USN011,2025-06-07,23:07:12,
USN011,2025-06-07,23:16:36,
USN011,2025-06-07,23:17:04,
USN011,2025-06-07,23:17:04,
USN011,2025-06-07,23:25:10,
USN011,2025-06-07,23:25:09,
USN011,2025-06-07,23:25:28,
USN011,2025-06-07,23:25:28,
USN011,2025-06-07,23:25:28,
USN011,2025-06-07,23:25:29,
USN011,2025-06-07,23:25:29,23:32:55
USN011,2025-06-07,23:25:10,23:32:55
USN011,2025-06-07,23:25:28,23:32:55
USN011,2025-06-07,23:25:09,23:32:55
USN011,2025-06-07,23:16:36,23:32:56
USN011,2025-06-07,23:17:04,23:32:56
USN011,2025-06-07,23:07:13,23:32:56
USN011,2025-06-07,23:07:12,23:37:52
USN011,2025-06-07,23:05:08,23:38:42
USN011,2025-06-07,23:38:42,23:38:42
USN011,2025-06-07,23:38:43,
USN011,2025-06-07,23:38:42,23:38:42
USN011,2025-06-07,23:38:42,
USN011,2025-06-07,23:38:42,
USN011,2025-06-07,23:38:43,23:38:43
USN011,2025-06-07,23:05:07,23:38:42
USN011,2025-06-08,06:28:05,
USN011,2025-06-08,06:28:05,06:28:42
USN011,2025-06-08,06:38:33,
USN011,2025-06-08,06:38:33,06:39:29
USN011,2025-06-08,07:33:29,
USN011,2025-06-08,07:33:29,07:33:34
USN011,2025-06-08,08:33:13,
USN011,2025-06-08,08:33:13,08:33:38
USN011,2025-06-08,08:33:38,
USN011,2025-06-08,08:33:38,08:34:42
USN011,2025-06-09,11:23:11,
USN011,2025-06-09,11:23:11,11:23:57
USN001,2025-06-09,11:38:36,
USN011,2025-06-09,11:47:40,
USN011,2025-06-09,11:47:40,11:47:46
USN001,2025-06-09,11:38:36,11:48:20
USN001,2025-06-16,13:55:49,
USN001,2025-06-16,13:55:49,13:55:57
USN001,2025-06-16,13:56:02,
USN001,2025-06-16,13:56:02,13:56:20
USN001,2025-06-16,13:56:25,
USN002,2025-06-16,13:59:02,
USN002,2025-06-16,13:59:02,14:00:43
USN002,2025-06-16,14:01:13,
USN001,2025-06-16,14:03:21,
USN001,2025-06-16,14:03:21,14:03:26
USN001,2025-06-16,14:03:45,
USN001,2025-06-16,14:03:45,14:04:57
USN001,2025-06-16,02:07:46,
USN002,2025-06-16,14:01:13,02:07:58
USN003,2025-07-24,20:21:28,
USN003,2025-07-24,20:21:18,20:21:23
USN003,2025-07-24,20:21:18,
USN003,2025-07-24,20:21:28,20:21:46
USN003,2025-07-24,20:26:58,
USN003,2025-07-24,20:26:58,20:27:04
USN003,2025-07-25,19:23:35,
USN003,2025-07-25,19:23:35,19:24:09
USN002,2026-03-26,21:20:31,
USN002,2026-03-26,21:20:31,21:20:36
USN002,2026-03-26,21:20:50,
USN002,2026-03-26,21:20:50,21:20:57
USN002,2026-03-26,21:21:09,
USN002,2026-03-26,21:21:09,21:21:25
USN002,2026-03-26,21:21:36,
USN002,2026-03-26,21:21:36,21:21:41
USN002,2026-03-26,21:21:54,
USN002,2026-03-26,21:21:54,21:22:16
USN002,2026-03-26,21:22:21,
USN002,2026-03-26,21:22:21,21:22:27
USN002,2026-03-26,21:22:32,
